id;street;zip_code;city;district;po_box;po_box_code;country;telephone_no;fax_number;email;created_at;created_by
1;Wilhelmine Walks;62332-1889;Jerdehaven;Clothing RAM CSS;digital enable Grocery;connecting;Barbados;Indiana Gloves Checking Account;Burundi Franc;Jaydon52@gmail.com;2020-06-01T18:16:52;deposit Small Rubber
2;Jon Mountain;17218-2733;Norwoodborough;harness lime Bhutan;Berkshire infrastructures;e-tailers;Panama;Branding Research;paradigms;Garnet86@gmail.com;2020-06-01T08:00:21;Utah SAS challenge
3;Bernita Drive;56572;West Lloyd;contextually-based HTTP;Reactive;orange Electronics;Belarus;contingency synthesize algorithm;Nevada secured line Bedfordshire;Bart.Cremin@gmail.com;2020-06-01T12:13:44;Functionality visualize Handcrafted
4;Wehner Hill;33467-2860;Janeborough;SAS infrastructures;green;navigate Table scale;United States Minor Outlying Islands;1080p Handmade Rubber Soap Gorgeous Granite Cheese;synthesize;Marvin.Nienow80@yahoo.com;2020-06-01T17:49:37;JSON Cotton architectures
5;Kutch Forks;36864-0907;North Everetteton;strategize hacking Barbados Dollar;Canada;lime primary;Liberia;Gorgeous deliver;California copy synergize;Rosanna_Little@yahoo.com;2020-06-01T04:26:47;holistic Cambodia Concrete
6;Rose Field;10315;South Jayce;Bedfordshire hacking;SDR;Planner Metal;Paraguay;Designer Bahraini Dinar Steel;Brand Turnpike;Elna_Homenick@hotmail.com;2020-06-01T13:44:31;Iowa
7;Walsh Grove;05874;North Pedro;Mexican Peso Mexican Unidad de Inversion (UDI) Australia;incentivize Personal Loan Account;Sleek Granite Pants Credit Card Account transmit;Azerbaijan;Diverse Cotton;Small Maryland Direct;Susan79@hotmail.com;2020-06-01T01:42:22;Afghanistan supply-chains action-items
8;Scot Course;51355-2382;Kyleland;Toys contextually-based Euro;navigate;Brazilian Real Accountability;Luxembourg;Uzbekistan Port initiative;Islands matrix Practical Cotton Sausages;Kenyatta.Treutel58@gmail.com;2020-06-01T09:15:56;Taka Configurable
9;Corkery Run;27347;North Traceytown;Mills;drive supply-chains Nakfa;Designer parsing Indiana;Cayman Islands;innovative Interactions Steel;Personal Loan Account Customer Developer;Megane_Stark55@gmail.com;2020-06-01T21:38:22;Tasty Industrial
10;Brown Place;74012-4507;Harrisfurt;multi-byte Soap;Response;engineer Tennessee;Uganda;Fantastic fuchsia;Personal Loan Account;Alex_Klein@hotmail.com;2020-05-31T23:53:11;Intranet deposit
