id;name;api_key;user_name;password;protocol;url;created_at;created_by
1;bus;parallelism;Norway;encompassing;Handmade middleware Borders;http://heath.biz;2020-06-01T03:58:15;Hills models
2;Factors Swedish Krona Generic Concrete Bacon;Cross-platform Keys Operations;compelling;alarm User-friendly;Rapids EXE leading-edge;https://keeley.info;2020-06-01T17:41:16;reciprocal
3;1080p;real-time Solutions Incredible Frozen Gloves;online e-commerce;Synergistic;Luxembourg Saint Lucia interfaces;https://jarred.name;2020-06-01T07:11:38;payment
4;Executive Buckinghamshire Papua New Guinea;Baby;Auto Loan Account;COM networks optical;Handcrafted Fresh Bacon EXE;http://joan.biz;2020-06-01T07:33:18;Configuration Customer Vanuatu
5;copying HTTP;Industrial;navigating;synthesizing;best-of-breed Concrete;http://tracy.info;2020-06-01T06:12:08;bandwidth parse
6;Avon utilize copying;Shoal;Checking Account;Berkshire Personal Loan Account;fresh-thinking;http://alessandra.name;2020-06-01T12:52:31;Terrace Maine
7;orchid solution-oriented;white connecting;revolutionary Steel Self-enabling;deploy;PCI Seamless;https://karine.com;2020-06-01T15:00:41;JBOD value-added definition
8;invoice;focus group;Arkansas;Tasty;Shoes;https://geoffrey.name;2020-06-01T05:29:26;secondary neural Credit Card Account
9;Customer District synergistic;Investment Account Investment Account Iowa;implement Practical;Credit Card Account web services;compress deposit Greenland;http://demario.name;2020-06-01T09:33:57;Usability bypassing
10;Bedfordshire cross-platform Ergonomic Fresh Hat;monetize Orchestrator;Operations;iterate Tasty;deposit Bedfordshire back-end;http://robbie.org;2020-06-01T17:27:41;Shoes
