id;name;version;location;execution_script;created_at;created_by
1;JBOD;Tactics;Auto Loan Account;calculating;2020-06-01T20:40:28;Frozen Principal capacitor
2;clear-thinking Analyst;Borders online;Angola;Adaptive;2020-06-01T20:38:31;impactful white
3;Norwegian Krone capacitor grid-enabled;Metal technologies;bleeding-edge pixel Lebanon;e-services maroon programming;2020-06-01T11:29:03;Concrete
4;Practical Soft Bike;matrices;Brand withdrawal;architect Table haptic;2020-06-01T10:04:00;Tunisian Dinar Steel
5;program Trace Avon;Tasty Steel Keyboard Guernsey;Awesome Berkshire;composite plug-and-play recontextualize;2020-06-01T05:53:42;Representative Home Loan Account Research
6;port cross-platform;Investment Account;Buckinghamshire Ville;Tasty;2020-06-01T05:42:45;EXE knowledge user Beauty
7;e-enable Guarani Salad;Practical Metal Car Personal Loan Account SCSI;Strategist Avon;Brand Incredible Wooden Soap;2020-06-01T07:53:22;extend Realigned
8;Dynamic;navigating platforms;violet PNG Bedfordshire;Borders;2020-06-01T20:24:06;Cotton Robust Ball
9;Costa Rica Belarus;productize;Accounts;Keyboard;2020-06-01T10:16:52;Cotton holistic
10;auxiliary Communications SMTP;Generic Minnesota;navigating wireless compressing;systems Principal;2020-06-01T05:46:01;firewall compressing Interactions
