id;sender;receiver;mode;message;status;created_at;created_by
1;Peso Uruguayo Uruguay Peso en Unidades Indexadas convergence quantify;SDR;navigating;Investor Wooden;virtual deposit Rwanda;2020-06-01T08:24:47;back up Port Intelligent
2;SAS backing up;grey;Digitized Bouvet Island (Bouvetoya) groupware;azure salmon metrics;Maryland Lead;2020-06-01T04:20:17;Developer Rustic overriding
3;Pa'anga bluetooth;Personal Loan Account;Avon reboot;Iraqi Dinar Computer Jewelery;Oklahoma Gourde US Dollar;2020-06-01T10:45:12;Peso Uruguayo Uruguay Peso en Unidades Indexadas data-warehouse connecting
4;ubiquitous;Monaco mission-critical Pants;Crescent pixel alarm;primary;Won;2020-05-31T22:48:37;Supervisor Investment Account
5;Baby bandwidth disintermediate;program Engineer target;bypassing;Generic;Practical Granite Soap;2020-06-01T21:22:32;end-to-end sexy
6;navigate Berkshire;Engineer;communities;payment;intangible black Handmade;2020-06-01T15:46:15;solid state JBOD India
7;Sharable;Electronics;Chips well-modulated;Cambridgeshire Borders;USB;2020-06-01T15:39:44;orchid
8;Concrete content Buckinghamshire;Technician;driver;secondary Practical Bulgaria;Brunei Dollar;2020-06-01T18:43:37;Savings Account
9;Creative Ports;North Carolina calculating;Developer Mexico;generate;French Guiana incentivize indexing;2020-06-01T07:26:25;Rustic Granite Table
10;XML;wireless azure;engage Checking Account Object-based;digital;plum Orchestrator;2020-06-01T16:01:46;Cambridgeshire Distributed
