id;name;user_name;password;api_key;created_at;created_by
1;HTTP initiatives feed;RAM;reboot Automotive e-commerce;Street Table Dominican Republic;2020-06-01T10:37:42;XSS Refined Fresh Towels revolutionary
2;cross-platform Pataca networks;cross-platform utilisation Paraguay;FTP;Creek Developer Branch;2020-06-01T13:16:11;Sleek Plastic Ball Guyana Dollar
3;Rwanda Franc B2B stable;Brand;matrix Drives;digital Automotive Ferry;2020-06-01T00:27:28;Mayotte New York
4;Singapore Dollar Borders lavender;Afghani Toys;Polarised systems Rustic Granite Bike;Marketing payment;2020-06-01T15:25:56;Movies
5;Research withdrawal transmitter;Metrics Metal;cultivate deposit;Lek overriding;2020-06-01T11:49:10;connect
6;invoice;deposit GB holistic;Books Center HDD;array;2020-05-31T23:41:26;Credit Card Account Facilitator navigate
7;Forward Fish;override unleash;Borders Managed;Dynamic cross-platform;2020-06-01T05:39:57;Planner Sri Lanka collaborative
8;Ergonomic Fresh Hat multi-byte synthesize;input Bedfordshire;Infrastructure PNG Ergonomic Wooden Gloves;fault-tolerant firewall;2020-06-01T17:48:51;Industrial Extended Cambridgeshire
9;Avon Hawaii;Berkshire;partnerships Niue;navigating;2020-06-01T06:15:57;cross-media Soft Handcrafted Steel Chicken
10;info-mediaries;Liaison East Caribbean Dollar;Security;models innovative;2020-06-01T02:31:32;back-end
