id;name;location_code;description;address;country;postal_code;created_at;created_by
1;Lesotho Keys Ball;olive compressing;Visionary Tuna;Kansas;United Arab Emirates;Zloty;2020-06-01T01:43:55;Technician Inverse
2;Tunnel;web-readiness architect Belarus;mesh Shirt Burgs;red Indiana Self-enabling;Albania;online;2020-06-01T09:17:24;morph
3;Chicken Cross-platform;Liaison;Assurance granular Frozen;Producer;Mongolia;mobile;2020-06-01T14:31:37;Awesome Rustic redundant
4;utilize Practical;green;Belize Dollar;Micronesia Tools;Fiji;Industrial lavender 24/365;2020-06-01T05:10:08;synergies Product
5;Fish Incredible;Fish Bolivia;Kenya Locks;visualize Savings Account;Guinea;Electronics;2020-06-01T08:22:08;tangible
6;Data Trinidad and Tobago Dollar;mobile Unbranded Concrete Tuna;Synchronised Games instruction set;Personal Loan Account;Western Sahara;Pants;2020-06-01T15:20:00;blue
7;Lead Pa'anga Applications;Nepalese Rupee Senior Cotton;enhance;Creative;Estonia;solid state Buckinghamshire;2020-05-31T22:21:41;Multi-tiered invoice initiative
8;Arizona Isle of Man Tasty;emulation navigate;withdrawal;orchid Handcrafted Frozen Salad Representative;Vanuatu;withdrawal Optimization;2020-06-01T09:13:38;Technician Generic
9;Bedfordshire;back up mint green Associate;Handcrafted streamline overriding;connect;Georgia;reboot Towels Steel;2020-06-01T14:25:31;Agent Namibia
10;Books;alarm streamline;Analyst syndicate system engine;archive initiative;Zimbabwe;deliverables;2020-06-01T11:48:36;Internal
