id;name;display_name;vendor_number;payment_terms;type;iln;tax_id_no;gst_registration_number;gst_status;vat_id_no;clerk_id;status;vat_registration_number;prefferred_mode_of_communication;point_of_contact;preferred_mode_of_payment;created_at;created_by
1;invoice Auto Loan Account Senior;Planner Shoes;Table extend;Handcrafted Cotton Fish open-source;Legacy;Ergonomic Granite Shirt efficient;connecting Switchable;Brazilian Real connect;Fantastic Steel Chips Ohio;Auto Loan Account;Principal Sports Port;Soft Electronics;Savings Account;Reverse-engineered;payment vertical;Denmark Product;2020-06-01T07:05:45;drive
2;Tasty Rubber Bacon transparent turquoise;Functionality Indiana New Mexico;index;interfaces hard drive;Savings Account;JSON;functionalities;Awesome Rubber Keyboard Baht transparent;system Malaysian Ringgit;navigate methodology concept;Grass-roots Liaison Field;systems Union reboot;Intelligent Steel Keyboard real-time Multi-layered;Sleek;connect middleware;Administrator Monitored;2020-06-01T14:31:57;FTP wireless Shirt
3;leading edge strategy Orchestrator;paradigm transmitter;Soft Direct utilisation;Handmade;Beauty Liaison Cook Islands;non-volatile feed;Games;Bermuda;Re-engineered;channels portals Producer;proactive;portals Peso Uruguayo Uruguay Peso en Unidades Indexadas SCSI;Movies;Wooden Bacon Generic Granite Mouse;hack withdrawal application;Accounts deposit;2020-06-01T08:33:35;virtual Keyboard
4;Coordinator;1080p;exploit Re-engineered Cotton;navigating Enhanced client-server;scalable backing up front-end;one-to-one program Washington;next-generation framework forecast;EXE;Principal;Berkshire Investment Account;repurpose;parallelism Nepalese Rupee;hack Garden;Cotton Berkshire;Gorgeous Metal Chair functionalities Berkshire;Coordinator Future;2020-06-01T05:44:50;executive Garden Cambridgeshire
5;invoice Refined;Guinea-Bissau;sky blue Denmark;interactive redundant Rustic;withdrawal;Tasty;transmit copying quantify;Buckinghamshire Auto Loan Account paradigms;index;maximize withdrawal platforms;Forward zero tolerance;Credit Card Account deposit intranet;navigating;Granite bleeding-edge Moldovan Leu;Progressive Intelligent Granite Shoes;Checking Account Uruguay;2020-06-01T09:21:38;Venezuela Granite
6;Stravenue Oregon;bluetooth;dedicated;dynamic Security Somali Shilling;redefine lavender;Liaison;cross-platform Bedfordshire;yellow Advanced Innovative;Legacy systematic Exclusive;Planner Officer;EXE;bypassing;Small Frozen Towels Frozen;Trail Handmade compressing;compress Myanmar;Rwanda Franc deliverables;2020-06-01T15:21:18;Street Designer lime
7;Practical Frozen Keyboard;SMTP wireless Cheese;protocol;implement;Egyptian Pound Lakes Practical;Gorgeous Wooden Gloves;Louisiana;Ergonomic Cotton Shirt Intuitive Tasty Wooden Chips;quantifying;Generic Frozen Table Plastic;Cross-group Manager Synergized;Chile;Web;Serbian Dinar seize;Tasty wireless;azure;2020-06-01T09:01:14;pink
8;Specialist Buckinghamshire;Personal Loan Account forecast;primary Product Home Loan Account;utilisation Associate;Pass matrix;Quality;1080p mindshare Licensed Soft Soap;Assimilated iterate Cheese;Communications SQL;Car Fresh;Unbranded violet;Oklahoma;Strategist 5th generation;Bedfordshire Associate quantify;bluetooth transmitting European Unit of Account 9(E.U.A.-9);Practical Cotton Shirt Cyprus Intelligent Rubber Towels;2020-06-01T00:29:04;Intuitive back-end Barbados
9;copying fresh-thinking;Bedfordshire;Rubber Practical Frozen Chips;wireless Ports interface;Shoes Gambia;Supervisor B2B;bandwidth;Small Soft Fish strategic niches;24/365 brand Rest;initiatives Extended;feed Samoa Robust;firewall Investment Account Analyst;magnetic calculating drive;Bedfordshire;Lithuania Handmade;Total Rhode Island Pants;2020-06-01T01:13:40;USB Clothing incremental
10;sticky;Checking Account Florida Officer;throughput Kansas;USB microchip interface;digital Unbranded Soft Mouse;content;parallelism;Borders;deposit Chicken mobile;withdrawal;Nevada Checking Account RSS;archive;Austria;out-of-the-box Engineer focus group;seize;virtual Personal Loan Account incentivize;2020-06-01T09:36:20;Avon teal navigating
